Gebrek identificatie,Ingangsdatum gebrek,Einddatum gebrek,Gebrek paragraaf nummer,Gebrek artikel nummer,Gebrek omschrijving
O01,20100227,20160103,14,REK 24&25,Kofferdeksel kan niet geopend worden REK art. 24 & 25
O04,20100227,20160103,14,REK 24&25,Brandstofdop kan niet gecontroleerd worden REK art. 24 & 25
O05,20100227,20160103,14,REK 24&25,Trekhaaksierdop kan niet verwijderd worden REK art. 24 & 25
O03,20100227,20160103,14,REK 24&25,Wieldeksels kunnen niet verwijderd worden REK art. 24 & 25
O02,20100227,20160103,14,REK 24&25,Motorkap kan niet geopend worden REK art. 24 & 25
J13,20120401,20170402,9,5.*.41,Bev. scharnier deur/motorkap/kofferdeksel corrosie 5.*.41
H08,20120401,20170402,7,5.*.29,Stuurinrichting ondeugdelijk bevestigd/niet geborgd 5.*.29
O06,20150401,20170402,14,REK 24&25,Keuringsaspect kan niet worden beoordeeld REK art. 24 & 25
H04,20120401,20170402,7,5.*.29,Wielen reageren niet goed op draaiing van stuurwiel 5.*.29
J16,20120401,20170402,9,5.*.48,Wiel niet goed afgeschermd/loopt aan 5.*.48
H17,20120401,20170402,7,5.5.30,Voorvork heeft zwaar punt bij verdraaien 5.5.30
I27,20120401,20170402,8,5.*.31,ABS werkt niet goed/waarschuwingsinricht. ontbreekt 5.*.31
F13,20120401,20170402,5,5.*.19,Overig draaipunt onafh. wielophanging teveel speling 5.*.19
E05,20120401,20170402,4,5.*.15,Verzegeling snelheidsbegrenzer niet vlgs voorschrift 5.*.15
I33,20120401,20170402,8,5.*.37,Eenleidingremsysteem onterecht aanwezig/druk onjuist 5.*.37
I13,20120401,20170402,8,5.*.31,Onderdeel reminrichting vertoont lekkage 5.*.31
B12,20120401,20170402,1,5.12.5,Accu aanhangwagen ondeugdelijk bevestigd 5.12.5
J03,20100227,20170402,9,5.*.43,Ruitenwisser/-sproeier werkt niet goed/niet aanwezig 5.*.43
H16,20120401,20170402,7,5.*.29,Slang stuurbekracht./stuurinricht. beschad./schuurt 5.*.29
I19,20120401,20170402,8,5.*.31,Kunststofremleiding geknikt 5.*.31
E10,20120401,20170402,4,5.*.16,Aandrijving ondeugdelijk bevestigd 5.*.16
B10,20120401,20170402,1,5.*.4,Bovenbouw ondeugdelijk bevestigd 5.*.4
D11,20120401,20170402,3,5.*.9,Onderdeel brandstofsysteem onveilig/ondeug./corrosie 5.*.9
E08,20120401,20170402,4,5.*.15,Bandomtrek aangedreven wiel wijkt teveel af 5.*.15
I20,20120401,20170402,8,5.*.31,Trommel-/schijfrem draait niet/onvoldoende vrij 5.*.31
D15,20120402,20170402,3,5.*.11,CO-uitstoot bij stationar toerental te hoog 5.*.11
I32,20120401,20170402,8,5.*.35,Ontwateringsventiel werkt niet goed 5.*.35
E06,20120401,20170402,4,5.*.15,Geldigheidsduur controleapparaat verlopen 5.*.15
K12,20100227,20170402,10,5.*.65,Niet toegestaan licht aanwezig 5.*.65
J08,20100227,20170402,9,5.*.48,Scherp/uitstekend deel levert gevaar op voor derde 5.*.48
K11,20100227,20170402,10,5.*.64,Niet toegestaan knipperend licht aanwezig 5.*.64
I15,20120401,20170402,8,5.*.31,Compressor/drukregelaar werkt niet goed 5.*.31
I29,20120401,20170402,8,5.*.35,Meerkringsbeveiligingsventiel werkt niet goed 5.*.35
AS2,20111201,20170402,,,132 c. onregelmatigheden met betrekking tot de behuizing
A02,20120401,20170402,0,5.*.1,Voertuiggegevens komen niet overeen met register 5.*.1
I03,20100227,20170402,8,5.*.32,Remvloeistofniveau te laag 5.*.32
J19,20120401,20170402,9,5.*.49,Stootbalk vervormd/gebroken/gescheurd/corrosie 5.*.49
F11,20120401,20170402,5,5.*.19,Fusee ondeugdelijk bevestigd/teveel speling 5.*.19
I12,20120401,20170402,8,5.*.31,Onderdeel reminrichting ondeugdelijk 5.*.31
F10,20120401,20170402,5,5.*.18,Bev./beschadiging/vervorming as beinvloedt weggedrag 5.*.18
K09,20100227,20170402,10,5.*.61,Plaatsing licht/retroreflector niet vlgs voorschrift 5.*.61
H12,20120401,20170402,7,5.*.29,Flexibele koppeling stuurinrichting beschadigd 5.*.29
AS1,20111201,20170402,,,132 c. onregelmatigheden met betrekking tot de bedrading
E09,20120719,20170402,4,5.*.15,Verzegeling controleapparaat niet vlgs voorschrift 5.*.15
I34,20120401,20170402,8,5.*.37,Bediening tbv remmen aanhangwagen onterecht aanwezig 5.*.37
D17,20120401,20170402,3,5.*.11,EOBD-systeem niet volgens voorschrift 5.*.11
I22,20120401,20170402,8,5.*.31,Bewegingsvrijheid remonderdeel beperkt 5.*.31
J02,20100227,20170402,9,5.*.42,Ruit beschadigd/verkleurd 5.*.42
J17,20120401,20170402,9,5.*.48,Zijdelingse afscherming niet vlgs voorschrift 5.*.48
B08,20120401,20170402,1,5.5.3,"Frame, voor- of achtervork corrosie 5.5.3"
H15,20120401,20170402,7,5.*.29,Stuurbekrachtiging werkt niet goed/lekt ernstig 5.*.29
H20,20120401,20170402,7,5.12.30,Draaikransdelen slijten op elkaar in/te veel speling 5.12.30
N03,20100227,20170402,13,5.2.75,Stoel/bank/interieurdeel belemmert de doorgang 5.2.75
B11,20120401,20170402,1,5.*.4,Ondersteuning laadvloer/-ruimte ondeugdelijk/corrosie 5.*.4
N09,20120401,20170402,13,5.2.79,Vastzetinrichting draagbaar ontbreekt 5.2.79
F04,20100227,20170402,5,5.*.21,Wielbasis wijkt te veel af 5.*.21
D19,20120401,20170402,3,5.*.12,Elektr. Bedrading ondeugdelijk bevestigd/geisoleerd 5.*.12
G03,20100227,20170402,6,5.*.28,Schokdemper niet aanwezig/werkt niet goed 5.*.28
G04,20120401,20170402,6,5.*.27,Band karkas zichtbaar of vertoont uitstulping 5.*.27
L05,20100227,20170402,11,5.12.70,Extra koppeling aanhangwagen niet vlgs. voorschrift 5.12.70
I21,20120401,20170402,8,5.*.31,Onvoldoende remvoering aanwezig 5.*.31
D14,20120401,20170402,3,5.*.11,Uitlaatsysteem niet gasdicht/ondeugdelijk bevestigd 5.*.11
H18,20120401,20170402,7,5.5.30,Zichtbare speling balhoofdlagering 5.5.30
I11,20100227,20170402,8,5.12.40,(Losbreek)reminrichting aanhangwagen werkt niet goed 5.12.40
F05,20100227,20170402,5,5.*.22,Wieluitlijning niet vlgs voorschrift 5.*.22
K06,20100227,20170402,10,5.*.57,Toegestaan licht/retroreflect. niet vlgs voorschrift 5.*.57
F12,20120401,20170402,5,5.*.19,Stofhoes fuseekogel dicht niet meer af 5.*.19
G06,20120401,20170402,6,5.*.27,Band onterecht nageprofileerd 5.*.27
J12,20120401,20170402,9,5.*.41,Deur personenruimte kan niet normaal worden geopend 5.*.41
I08,20100227,20170402,8,5.*.37,Drukken remsysteem tbv aanhangwagen onjuist 5.*.37
K07,20100227,20170402,10,5.*.59,Kleur toegestaan licht niet volgens voorschrift 5.*.59
I37,20120401,20170402,8,5.*.38,Remverschil op 1 as te groot 5.*.38
I30,20120401,20170402,8,5.*.35,Drukluchtremkrachtreg. werkt niet/verkeerd afgest. 5.*.35
AS4,20111201,20170402,,,132 c. onregelmatigheden met betrekking tot de software
D07,20100227,20170402,3,5.*.11,K-waarde bij roetmeting te hoog 5.*.11
E07,20120419,20170402,4,5.*.15,Installatieplaat controleapp. niet vlgs voorschrift 5.*.15
D02,20100227,20170402,3,5.*.10,LPG-installatie voldoet niet aan de voorschriften 5.*.10
H05,20120401,20170402,7,5.12.29,Gestuurde wielen aanhangwagen reageren niet goed 5.12.29
H10,20120401,20170402,7,5.*.29,Stofhoes stuurhuis/-kogel dicht niet af 5.*.29
J14,20120401,20170402,9,5.*.47,Veiligheidsgordel ontbreekt/ondeug. bev./beschadigd 5.*.47
D20,20110401,20170402,3,5.*.12A,Aandrijflijn hybride/elekt. voertuig ondeugdelijk 5.*.12a
A03,20120401,20170402,0,5.*.1,Kentekenplaat onjuist/niet goed leesbaar/afgeschermd 5.*.1
N02,20100227,20170402,13,5.2.74,Inrichting taxi niet overeenstemming met goedk. doc. 5.2.74
AS5,20111201,20170402,,,132 c. onregelmatigheden met betrekking tot de verzegeling
C01,20100227,20170402,2,5.*.6,Maximaal toegestane afmetingen te groot 5.*.6
A04,20120401,20170402,0,5.*.1,Identificatienummer niet op chassis of frame 5.*.1
F15,20120401,20170402,5,5.*.20,Wiellager heeft teveel speling 5.*.20
F08,20100227,20170402,5,5.*.26,Stabilisatoren 5.*.26
N05,20100227,20170402,13,5.2.77,Lift/oprijplaat rolstoelvervoer niet vlgs voorschrift 5.2.77
J06,20100227,20170402,9,5.*.46,Zitplaats niet volgens voorschrift 5.*.46
L06,20120401,20170402,11,5.*.66,Achtertraverse ondeug.bev/gebroken/gescheurd/corrosie5.*.66
H21,20120401,20170402,7,5.12.30,Ondersteuning draaikrans corrosie 5.12.30
E11,20120401,20170402,4,5.*.16,Stofhoes van de aandrijfas dicht niet af 5.*.16
J05,20100227,20170402,9,5.*.45,Spiegel niet aanwezig/beschadigd/ondeugdelijk bev. 5.*.45
B05,20120401,20170402,1,5.*.3,Chassisraam/carrosserie gebroken/gescheurd 5.*.3
B09,20120401,20170402,1,5.5.3,Onderdelen frame/zelfdragende constructie ondeug. bev. 5.5.3
J04,20100227,20170402,9,5.*.44,Voorruitontwaseming werkt niet goed/niet aanwezig 5.*.44
E04,20120401,20170402,4,5.*.15,Snelheidsbegrenzer niet aanwezig/onjuist afgesteld 5.*.15
L01,20100227,20170402,11,5.*.66,Koppeling ondeug. bev./gebroken/gescheurd/corrosie 5.*.66
G05,20120401,20170402,6,5.*.27,Band onvoldoende profiel 5.*.27
I28,20120401,20170402,8,5.*.35,Drukmeetpunt ontbreekt 5.*.35
H14,20120401,20170402,7,5.*.29,Zichtbare corrosie binnenzijde stuurhuis/-kogel 5.*.29
J11,20120401,20170402,9,5.*.41,Deur/laadklep/motorkap/kofferdeksel sluit niet goed 5.*.41
J15,20120401,20170402,9,5.*.47,Veiligheidsgordel werkt niet goed 5.*.47
D13,20120401,20170402,3,5.*.9,Brandstofreservoir niet deugdelijk afgesloten 5.*.9
L03,20100227,20170402,11,5.*.68,Vangmuilkoppeling niet volgens voorschrift 5.*.68
F07,20100227,20170402,5,5.*.25,Wielnaven 5.*.25
N04,20100227,20170402,13,5.2.76,Noodvoorzieningen niet vlgs voorschrift 5.2.76
E01,20100227,20170402,4,5.*.15,Geen snelheidsmeter aanwezig 5.*.15
H19,20120401,20170402,7,5.12.30,Draaikrans ondeugdelijk bevestigd/niet geborgd 5.12.30
I17,20120401,20170402,8,5.*.31,Remslang misvormd/schuurt/beschadigd 5.*.31
I23,20120401,20170402,8,5.*.31,Stofhoes remcilinder beschadigd/niet aanwezig 5.*.31
I05,20100227,20170402,8,5.*.34,Waarschuwingsinrichting veerrem ontbreekt/werkt niet 5.*.34
B13,20120401,20170402,1,5.12.5,Elekt. bedrading aanhangwagen ondeugdelijk/geisoleerd 5.12.5
G02,20100227,20170402,6,5.*.28,Veersysteem werkt niet goed 5.*.28
H06,20120401,20170402,7,5.*.29,Weerstand voelbaar in de stuurinrichting 5.*.29
L08,20120401,20170402,11,5.12.68,Trekoog niet volgens voorschrift 5.12.68
H13,20120401,20170402,7,5.*.29,Verbinding stuurinrichting teveel speling 5.*.29
D12,20120401,20170402,3,5.*.9,Brandstofsysteem lekt 5.*.9
L04,20100227,20170402,11,5.*.69,Schotel-/opleggerkoppeling niet volgens voorschrift 5.*.69
G07,20120401,20170402,6,5.*.27,Band verkeerd gemont./verschillende maataanduiding 5.*.27
K01,20100227,20170402,10,5.*.51,Verplicht licht/retroreflector niet vlgs voorschrift 5.*.51
D03,20100227,20170402,3,5.*.10A,CNG-installatie voldoet niet aan de voorschriften 5.*.10a
K10,20100227,20170402,10,5.*.62,Controlelampje/signaal verlichting werkt niet 5.*.62
L07,20120401,20170402,11,5.12.66,Trekdriehoek/-boom niet vlgs voorschrift 5.12.66
AS3,20111201,20170402,,,132 c.onregelmatigheden met betrekking tot de aansluitpunten
N06,20100227,20170402,13,5.2.78,Voorzieningen tbv rolstoelen niet vlgs voorschrift 5.2.78
L02,20100227,20170402,11,5.*.67,Diameter trekhaakkogel onvoldoende 5.*.67
F16,20120401,20170402,5,5.*.20,Slijtage/beschadiging wiellager hoorbaar of voelbaar 5.*.20
H07,20120401,20170402,7,5.*.29,Wielen kunnen in uiterste stand niet vrij draaien 5.*.29
I07,20100227,20170402,8,5.*.36,Slag drukluchtremcilinder begrensd/te groot 5.*.36
D16,20120401,20170402,3,5.*.11,CO-uitstoot/lambda wijkt af bij verhoogd toerental 5.*.11
I31,20120401,20170402,8,5.*.35,Afstelplaat drukluchtremkrachtregelaar ontbreekt 5.*.35
I09,20100227,20170402,8,5.*.38,Werking bedrijfsrem onvoldoende 5.*.38
I24,20120401,20170402,8,5.*.31,Automatische remsteller ontbreekt 5.*.31
F14,20120401,20170402,5,5.*.19,Zichtbaar corrosie aan binnenzijde fuseekogel/-huis 5.*.19
K05,20100227,20170402,10,5.*.56,Afstelling dimlicht 5.*.56
I26,20120401,20170402,8,5.*.31,ABS-systeem beschadigd/gescheurd/gebroken/lekkage 5.*.31
F17,20120401,20170402,5,5.*.24,Wiel of velg niet vlgs voorschrift 5.*.24
F09,20120401,20170402,5,5.*.18,As ondeugdelijk bev./gebroken/gescheurd/corrosie 5.*.18
I16,20120401,20170402,8,5.*.31,Rempedaal/-hendel slag wordt beperkt/niet stroef 5.*.31
K08,20100227,20170402,10,5.*.59A,Werking/toestand toegestaan licht/retroreflector 5.*.59a
D08,20100227,20170402,3,5.*.11,Emissiebestrijdingssysteem niet aanwezig 5.*.11
B07,20120401,20170402,1,5.5.3,"Frame, voor- of achtervork gebroken/gescheurd/vervormd 5.5.3"
D10,20100227,20170402,3,5.*.13,Motorsteun ondeugdelijk bevestigd/ernstig beschadigd 5.*.13
I25,20120401,20170402,8,5.*.31,ABS-systeem ondeugdelijk bev./niet geborgd/corrosie 5.*.31
H09,20120401,20170402,7,5.*.29,Stuurinrichting gebroken/gescheurd/corrosie/vervormd 5.*.29
M01,20100227,20170402,12,5.*.71,Geluidssignaalinrichting 5.*.71
B06,20120401,20170402,1,5.*.3,Chassisraam/carrosserie deel corrosie 5.*.3
I18,20120401,20170402,8,5.5.31,Remkabel driewielig voertuig gerafeld/niet gangbaar 5.5.31
J09,20100227,20170402,9,5.*.49,Stootbalk niet vlgs voorschrift/ontbreekt 5.*.49
K03,20100227,20170402,10,5.*.53,Kleur verplicht licht niet volgens voorschrift 5.*.53
J10,20100227,20170402,9,5.*.50,Frontbeschermingsinrichtingen niet goedgekeurd 5.*.50
K04,20100227,20170402,10,5.*.55,Werking/toestand verplicht licht/retroreflector 5.*.55
H11,20120401,20170402,7,5.*.29,Koppeling stuurinrichting niet spelingvrij 5.*.29
I35,20120401,20170402,8,5.*.37,Automatische afsluiters ontbreken/werken niet goed 5.*.37
G08,20120401,20170402,6,5.*.27,Band met onvoldoende draagvermogen (load-index) 5.*.27
J20,20120401,20170402,9,5.*.49,Beschermingsinrichting voorzijde voldoet niet 5.*.49
I14,20120401,20170402,8,5.*.31,Rembekrachtiger/remkrachtregelaar werkt niet goed 5.*.31
D18,20120401,20170402,3,5.*.12,Accu niet deugdelijk bevestigd 5.*.12
I04,20100227,20170402,8,5.*.33,Waarschuwing drukluchtremsyst. ontbreekt/werkt niet 5.*.33
G10,20120401,20170402,6,5.*.28,Veersysteem gebroken/gescheurd/corrosie/ondeug. bev. 5.*.28
G11,20120401,20170402,6,5.*.28,Schokdemper ondeugdelijk bevestigd 5.*.28
G09,20120401,20170402,6,5.*.27,Band met onvoldoende spanning 5.*.27
I10,20100227,20170402,8,5.*.39,Werking parkeerrem/vastzetinrichting onvoldoende 5.*.39
I36,20120401,20170402,8,5.*.38,Bedrijfsrem werkt niet op alle wielen 5.*.38
I38,20120401,20170402,8,5.*.39,Parkeerrem/vastzetinrichting werkt niet op 2 wielen 5.*.39
F18,20120401,20170402,5,5.*.24,Wiel of velg ondeugdelijk bevestigd 5.*.24
D21,20150401,20170402,3,5.*.11,Geluidsniveau hoger dan toegestaan 5.*.11
J18,20120401,20170402,9,5.*.48,Gevaar voor losraken deel aan de buitenzijde 5.*.48
116,20170401,,,5.*.11,Uitlaatsysteem niet over gehele lengte gasdicht
118,20170401,,,5.*.11,Uitlaatsysteem ondeugdelijk bevestigd
517,20170401,,,5.*.56,Dimlicht onjuist afgesteld (? 40mm / tussen 0 en -5mm)
084,20170401,,,5.*.9,Onderdelen brandstofsysteem niet veilig / ondeugdelijk beves
085,20170401,,,5.*.9,Brandstofsysteem vertoont geringe lekkage
710,20170401,,,5.*.56,Lichtbeeld onjuist
135,20170401,,,5.*.11,Emissiebestrijdingssysteem niet compleet
521,20170401,,,5.*.56,Koplamp met afwijkend lichtbeeld onjuist afgesteld
130,20170401,,,5.*.11,CO% te hoog (<=2x wettelijke toegestane waarde)
860,20170401,,,TA.3J,Zegelnummer(s)niet juist.
067,20170401,,,5.*.6,Breedte van het voertuig meer dan toegestaan
217,20170401,,,5.*.27,Loadindex band niet vast te stellen
059,20170401,,,5.*.5,Bedrading aanhangwagen niet goed geisoleerd
387,20170401,,,5.*.42,Voorruit beschadigd in indirecte gezichtsveld
218,20170401,,,5.*.27,Nood- of reservewiel gemonteerd
417,20170401,,,5.*.47,Gordelsluiting werkt niet
333,20170401,,,5.*.35,Ontwateringsventiel op reservoir werkt niet goed
407,20170401,,,5.*.46,Verstelinrichting zitplaats of rugleuning vergrendeld niet
112,20170401,,,5.*.10a,Vulaansluiting niet voorzien van stofkap
362,20170401,,,5.*.38,"Remverschil op 1 as te groot, > 50 %"
178,20170401,,,5.*.16,Stofhoes aandrijfas beschadigd en dicht niet af
648,20170401,,,5.*.67,Sterkte of functioneren koppeling aangetast
864,20170401,,,TA.3M,UTC-tijd wijkt meer dan 20 minuten af.
313,20170401,,,5.*.31,Remschijf vertoont slijtage met kans op breuk
170,20170401,,,5.*.15,Installatieplaatje tachograaf niet volgens voorschriften
608,20170401,,,5.*.65,Lichten/objecten in voertuig stralen licht naar buitenzijde
674,20170401,,,5.*.71,Claxon werkt niet goed
422,20170401,,,5.*.47,Verplichte gordel ontbreekt
029,20170401,,,5.*.1,Kentekenplaat ondeugdelijk bevestigd
879,20170401,,,TA.6H,Effectieve bandomtrek wijkt veel af > 5 %.
323,20170401,,,5.*.31,Onderdelen antiblokkeersysteem door corrosie aangetast
569,20170401,,,5.*.55,Richtingaanwijzers ondeugdelijk bevestigd
139,20170401,,,5.*.11,Absorptiecoefficient  <=100 % te hoog
486,20170401,,,5.*.55,Achteruitrijlichten schakelaar ondeugdelijk
703,20170401,,,-,"Roestschade van 1,5 t/m 2,0E of meer dan 15% dikteafname"
566,20170401,,,5.*.55,Richtingaanwijzers en glas lichtarmatuur ernstig beschadigd
008,20170401,,,nl05,VIN in kentekenregister wijkt af t.o.v. VIN in voertuig
725,20170401,,,1.13.A,LPG-onderdelen >5cm en <= 10 cm van hittbron
591,20170401,,,5.*.59a,Verlichting asymmetrisch t.o.v. het midden
069,20170401,,,5.*.6,Kopstraal oplegger meer dan toegestaan
651,20170401,,,5.*.68,Trekoog hersteld door lassen/oplassen
629,20170401,,,5.*.66,Trekdriehoek te veel vervormd
221,20170401,,,5.*.28,Roestschade onderdeel veersysteem
652,20170401,,,5.*.68,Trekoog te veel gesleten
346,20170401,,,5.*.37,Druk in voorraad-/commandoleiding wijkt af
586,20170401,,,5.*.53,(Zij-)markeringslicht kleur wijkt af of niet toegestaan
532,20170401,,,5.*.55,Mistlicht werkt niet (goed)
412,20170401,,,5.*.46,Verstelinrichting zitplaats of rugleuning vergrendeld niet
206,20170401,,,5.*.27,"Band onvoldoende profiel (< 1,4 mm)"
899,20170401,,,TA.6F,Testregistratie(s) onvolledig / wijken veel af
839,20170401,,,TA.1C,K-Factor niet/niet juist ingevoerd.
509,20170401,,,5.*.55,Inrichting voor aanpassing dimlichtafstelling werkt niet (go
479,20170401,,,5.*.61,Achterlicht niet juist aangebracht
030,20170401,,,5.*.1,Kentekenplaat  letter/cijfers niet goed leesbaar
311,20170401,,,5.*.31,Drager/bevestigingsmiddel van voering raakt trommel/schijf
621,20170401,,,5.*.66,Koppelinrichting door corrosie aangetast
095,20170401,,,5.*.10,Gasdichte kast mondt niet uit in buitenlucht
351,20170401,,,5.*.38,Remvertraging bedrijfsrem onvoldoende (< 100% >= 95% awet)
068,20170401,,,5.*.6,Hoogte van het voertuig meer dan toegestaan
376,20170401,,,5.*.41,Roestschade scharnierbevestiging van deur
182,20170401,,,5.*.18,"Roestschade as, wielgeleidingselement of reactiestang"
536,20170401,,,5.*.55,Mistlicht niet van gelijke grootte/sterkte/kleur
497,20170401,,,5.*.55,Kentekenplaatverlichting werkt niet (goed) / ontbreekt
188,20170401,,,5.*.19,Stofhoes fuseekogel beschadigd en dicht niet af
383,20170401,,,5.*.41,Slot of scharnier(en) van motorkap en kofferdeksel ondeugdel
157,20170401,,,5.*.13,Motorsteun ernstig beschadigd
203,20170401,,,5.*.27,Band beschadigd
549,20170401,,,5.*.55,Remlicht afgeschermd
902,20170401,,,TA.6I,Tweede snelheidssignaal niet juist ingesteld.
314,20170401,,,5.*.31,"Rem-, parkeerremkabel ondeugdelijk"
373,20170401,,,5.*.41,Deur niet op normale wijze te openen
891,20170401,20170402,,APK+G3,Adviespunt moet afkeurpunt zijn met gradatie 3
394,20170401,,,5.*.43,Ruitensproeierinstallatie ontbreekt
663,20170401,,,5.*.69,Roestschade ondersteuningsprofielen opleggerkoppeling
231,20170401,,,5.*.28,Ernstige luchtlekkage gasveersysteem
044,20170401,,,5.*.3,Roestschadereparatie ondeugdelijk
595,20170401,,,5.*.59a,Verlichting ondeugdelijk bevestigd
340,20170401,,,5.*.35,"Remkrachtregelaar ontbreekt, plaat aanwezig"
567,20170401,,,5.*.55,Richtingaanwijzers glas gerepareerd/bewerkt
884,20170401,20170402,,APK+J,Een onterecht reparatieadviespunt
146,20170401,,,5.*.12,Bedrading niet goed geisoleerd
626,20170401,,,5.*.66,Trekdriehoek ernstig gescheurd/gebroken/overmatig gesleten
123,20170401,,,5.*.11,CO > 2x wettelijk toegestaan
070,20170401,,,5.*.6,Lengte van het voertuig meer dan toegestaan
380,20170401,,,5.*.41,"Roestschade deurstijl, scharnier, slot"
094,20170401,,,5.*.10,Andere verbruikers op LPG-installatie aangesloten
395,20170401,,,5.*.44,Voorruitontdooiing en ontwaseming werkt niet
655,20170401,,,5.*.69,Onvlakheid schotelkoppeling te groot
638,20170401,,,5.*.68,Radiale speling in onderste bus te groot
416,20170401,,,5.*.47,Gordelsluiting weigert soms
636,20170401,,,5.*.68,Onderste lagerbus zit los/bevestiging is uitgeslagen
845,20170401,,,TA.2A,Registerkaart onjuist ingevuld/voldoet niet.
060,20170401,,,5.*.5,Bedrading aanhangwagen ondeugdelijk bevestigd
038,20170401,,,5.*.3,Roestschade hulpbalk
344,20170401,,,5.*.36,Vrije slag remcilinder te groot
502,20170401,,,5.*.55,"Dim-, grootlicht ondeugdelijk bevestigd"
491,20170401,,,5.*.55,Achteruitrijlichten niet van gelijke grootte/sterkte/kleur
643,20170401,,,5.*.67,Koppelingspen te veel gesleten
213,20170401,,,5.*.27,Montage band niet volgens voorschriften
773,20170401,,,1.17.B,Appendages komen niet overeen met ECE-certificaat
264,20170401,,,5.*.29,Gestuurde wielen reageren niet goed op trekkend voertuig
565,20170401,,,5.*.62,Richtingaanwijzers signaal ontbreekt of defect
624,20170401,,,5.*.66,Roestschade trekdriehoek/trekboom/profielen
520,20170401,,,5.*.56,Koplamp met afwijkend lichtbeeld onjuist afgesteld
369,20170401,,,5.*.39,Vastzetinrichting ontbreekt of werkt niet
252,20170401,,,5.*.29,Band of wiel loopt aan in uiterste stuurstand
545,20170401,,,5.*.51,Retroreflector (zijkant) niet juist aangebracht
673,20170401,,,5.*.71,Claxon werkt niet/ontbreekt
169,20170401,,,5.*.15,Geldigheidsduur tachograaf verstreken
359,20170401,,,5.*.38,Een wiel remt niet
010,20170401,,,nl07,Beoordelen keuringsaspect niet mogelijk
437,20170401,,,5.*.49,Ernstig functieverlies > 25% van stootbalk/ -bevestiging
396,20170401,,,5.*.44,Voorruitontdooiing en ontwaseming werkt niet goed
389,20170401,,,5.*.43,Ruitenwisserinstallatie werkt niet goed
495,20170401,,,5.*.53,Kentekenplaatverlichting straalt licht naar achter
896,20170401,,,TA.6C,Apparaatconstante wijkt af > 2% - <= 4%.
292,20170401,,,5.*.31,Compressor werkt niet goed
584,20170401,,,5.*.55,Stadslicht werkt niet (goed)
631,20170401,,,5.*.66,Koppelingskogel te veel gesleten
355,20170401,,,5.*.39,Remwerking parkeerrem onvoldoende
261,20170401,,,5.*.29,Verbinding stangenstelsel stuurinrichting te veel speling
537,20170401,,,5.*.51,Mistlicht ontbreekt
240,20170401,,,5.*.28,Schokdemper niet aanwezig
229,20170401,,,5.*.28,Veerhand beschadigd
481,20170401,,,5.*.51,Achterlicht ontbreekt
684,20170401,,,5.*.76,Schuifdeur kan niet worden geopend d.m.v. tweede deurgreep
400,20170401,,,5.*.45,Spiegel ondeugdelijk bevestigd
799,20170401,,,1.24.H,Bevestiging gasleiding/gasslang onjuist (afstand te groot)
382,20170401,,,5.*.41,Bevestiging slot/scharnier deur/motorkap/kofferdeksel ondeug
241,20170401,,,5.*.28,Schokdemper werkt niet (goed)
269,20170401,,,5.*.30,Voorvork heeft zwaar punt bij verdraaien
399,20170401,,,5.*.45,Gezichtsveldverbeterende voorziening werkt niet (goed)
113,20170401,,,5.*.11,Geluidsniveau hoger dan toegestaan
406,20170401,,,5.*.46,Verstelinrichting zitplaats of rugleuning niet aanwezig
296,20170401,,,5.*.31,Ernstige remvloeistoflekkage reminrichting
398,20170401,,,5.*.45,Spiegel of gezichtsveldverbeterende voorziening ontbreekt
339,20170401,,,5.*.35,"Afstelling remkrachtregelaar wijkt af (?2,0 bar)"
289,20170401,,,5.*.31,"Schijf-, trommelrem loopt niet vrij"
083,20170401,,,5.*.9,Tankdop (passende) ontbreekt
535,20170401,,,5.*.53,Mistlicht kleur wijkt af/niet toegestaan
555,20170401,,,5.*.55,Remlichten (alle) werken niet
222,20170401,,,5.*.28,Roestschade veerschotel
611,20170401,,,5.*.65,Voertuig voorzien van niet toegestane retroreflectoren
859,20170401,,,TA.3I,Verzegeling onjuist/ontbreekt.
009,20170401,,,nl06,VIN in voertuig is (gedeeltelijk) niet leesbaar/ontbreekt
526,20170401,,,5.*.62,Mistlicht controlelampje ontbreekt/defect
397,20170401,,,5.*.44,Voorruitontdooiing en ontwaseming ontbreekt
324,20170401,,,5.*.31,Onderdelen antiblokkeersysteem ondeugdelijk bevestigd
842,20170401,,,TA.3B,Onjuist registratieblad/printpapier gebruikt.
227,20170401,,,5.*.28,Veerbevestiging ondeugdelijk
490,20170401,,,5.*.53,Achteruitrijlicht kleur wijkt af of niet toegestaan
658,20170401,,,5.*.69,Koppelingspen te veel gesleten
887,20170401,20170402,,APK+F3,"Geen AC3: Roestschade 1,5 t/m 2,0E/meer dan 15% dikteafname"
554,20170401,,,5.*.55,Remlicht schakelaar ondeugdelijk
661,20170401,,,5.*.69,Opleggerkoppeling ondeugdelijk bevestigd
894,20170401,,,TA.6A,Wegdraaital wijkt af > 2% -<=4% af.
515,20170401,,,5.*.51,"Dim-, grootlicht ontbreekt"
041,20170401,,,5.*.3,Roestschade subframe
581,20170401,,,5.*.53,Stadslicht kleur wijkt af of niet toegestaan
138,20170401,,,5.*.11,Absorptiecoefficient te hoog
530,20170401,,,5.*.55,Mistlicht ondeugdelijk bevestigd
808,20170401,,,1.25.H,Gasleiding/slang langer dan noodzakelijk
675,20170401,,,5.*.71,Toonhoogte claxon niet vast
045,20170401,,,5.*.3,"Roestschadereparatie ondeugdelijk, schade > 4 E"
471,20170401,,,5.*.55,Achterlicht glas gerepareerd of bewerkt
361,20170401,,,5.*.38,Remverschil op 1 as te groot
838,20170401,,,TA.1B,Serienummer niet/niet juist ingevoerd.
548,20170401,,,5.*.51,Lijnmarkering ontbreekt
487,20170401,,,5.*.55,Achteruitrijlicht werkt niet (goed)
501,20170401,,,5.*.55,"Dim-, grootlicht  lichtoppervlak  >25% afgenomen"
889,20170401,20170402,,APK+F5,Geen AC5: Mechanische delen remsysteem vertonen slijtage
616,20170401,,,5.*.66,Koppeling raakt wegdek
882,20170401,20170402,,APK+C,Een onterecht afkeurpunt
504,20170401,,,5.*.62,Grootlicht controlelampje ontbreekt of defect
335,20170401,,,5.*.33,Waarschuwingsinrichting drukluchtremsysteem werkt niet goed
102,20170401,,,5.*.10,Vullen tank niet buiten voertuig mogelijk
695,20170401,,,5.*.79,Veiligheidsvoorziening passagiersligplaats ontbreekt/defect
352,20170401,,,5.*.38,Remvertraging bedrijfsrem onvoldoende (< 95% >= 90% awet)
562,20170401,,,5.*.55,Remlichten niet van gelijke grootte/sterkte/kleur
099,20170401,,,5.*.10,LPG lekkage
256,20170401,,,5.*.29,Slang stuurbekrachtiger beschadigd
606,20170401,,,5.*.57,Contourmarkering niet volgens voorschriften
145,20170401,,,5.*.12,Accu ondeugdelijk bevestigd
076,20170401,,,5.*.9,Brandstofleidingen gescheurd
129,20170401,,,5.*.11,Voorgeschreven toerental niet in te stellen of wijkt af
829,20170401,,,BTML.D,Onderdelen komen niet overeen met documentatie (G3/R115)
186,20170401,,,5.*.19,Fusee(kogel) te veel speling
300,20170401,,,5.*.31,Rembekrachtiger werkt niet
248,20170401,,,5.*.29,Onderdeel stuurinrichting niet geborgd
496,20170401,,,5.*.51,Kentekenplaatverlichting niet volgens voorschriften
215,20170401,,,5.*.27,Banden op 1 as niet voorzien van dezelfde maataanduiding
043,20170401,,,5.*.3,Roestschade wielkast
576,20170401,,,5.*.53,Richtingaanwijzers kleur wijkt af/niet toegestaan
507,20170401,,,5.*.55,"Dim-, grootlicht werkt niet (goed)"
183,20170401,,,5.*.18,Veerstrop as zit los
192,20170401,,,5.*.21,Verschil wielbasis tussen links-rechts te groot
701,20170401,,,-,"Band(en) aanwezig met een profieldiepte van 1,6 t/m 2,5 mm"
306,20170401,,,5.*.31,Kunststof remleiding geknikt
717,20170401,,,1.5.A,Onderdeel LPG-installatie ondeugdelijk bevestigd
022,20170401,,,5.*.1,"Gasinstallatie (gedeeltelijk) aanwezig, niet in register"
513,20170401,,,5.*.53,"Dim-, grootlicht  kleur wijkt af of niet toegestaan"
564,20170401,,,5.*.55,Richtingaanwijzers afgeschermd
191,20170401,,,5.*.20,Wiellager te veel speling
480,20170401,,,5.*.55,Achterlicht niet van gelijke grootte/sterkte/kleur
583,20170401,,,5.*.51,Stadslicht niet volgens voorschriften
413,20170401,,,5.*.46,Voertuig voorzien van zijdelings gerichte zitplaatsen
285,20170401,,,5.*.31,Bewegingsmogelijkheden remonderdeel beperkt
420,20170401,,,5.*.47,Oprolmechanisme gordel werkt niet goed
577,20170401,,,5.*.61,Richtingaanwijzer niet juist aangebracht
580,20170401,,,5.*.51,Zijrichtingaanwijzers niet zichtbaar
550,20170401,,,5.*.55,Remlicht glas lichtarmatuur ernstig beschadigd
627,20170401,,,5.*.66,Trekdriehoek gescheurd
280,20170401,,,5.*.31,"Onderdeel reminrichting beschadigd, gescheurd of gebroken"
249,20170401,,,5.*.29,Stuurkogel(huis) door corrosie aangetast
090,20170401,,,5.*.10,LPG-tank heeft deuk(en)
294,20170401,,,5.*.31,Ernstige luchtlekkage reminrichting
384,20170401,,,5.*.42,Beschadiging of verkleuring achterruit
168,20170401,,,5.*.15,Bandomtrek volgens installatieplaatje onjuist
533,20170401,,,5.*.51,Mistlichten  aantal niet juist volgens voorschriften
124,20170401,,,5.*.11,Emissiebestrijdingssysteem niet compleet
245,20170401,,,5.*.29,Onderdeel stuurinrichting vervormd
639,20170401,,,5.*.68,Sluit- en borginrichting werkt niet goed
596,20170401,,,5.*.59a,Verlichting niet van gelijke sterkte/grootte
330,20170401,,,5.*.35,"Drukreservoirs ondeugdelijk, beschadigd, verroest of lek"
858,20170401,,,TA.3G,Tachograaf bevat foutcode(s) tav de installatie.
171,20170401,,,5.*.15,Verzegeling tachograaf niet intact of ontbreekt
190,20170401,,,5.*.20,Slijtage/beschadiging wiellager hoorbaar of voelbaar
898,20170401,,,TA.6E,Testregistratie(s) wijken af.
175,20170401,,,5.*.16,Aandrijving ondeugdelijk
220,20170401,,,5.*.28,Doorgeroeste veerschotel gerepareerd
734,20170401,,,1.15.B,Uitvoering niet volgens fabrieksverklaring
228,20170401,,,5.*.28,Veerbevestiging ondeugdelijk/kans op vervolgschade/losraken
082,20170401,,,5.*.9,Onderdeel brandstofsysteem ondeugdelijk bevestigd
312,20170401,,,5.*.31,Remschijf ernstig gecorrodeerd
317,20170401,,,5.*.31,Remcilinder vertoont te veel corrosie
850,20170401,,,TA.1D,Manipulatiemeldingsformulier met RDW-nummer naw.
255,20170401,,,5.*.29,Onderdeel stuurbekrachtiger  ernstige lekkage
637,20170401,,,5.*.68,Opwaartse speling pen te groot
021,20170401,,,5.*.1,Voertuig komt niet overeen met register (geen VIN)
737,20170401,,,1.15.E,Beproevingsdatum ouder dan 10 jaar
304,20170401,,,5.*.31,Remleiding ernstig gecorrodeerd
656,20170401,,,5.*.69,Speling sluitinrichting schotelkoppeling te groot
664,20170401,,,5.*.69,Roestschade ondersteuningsprofielen opleggerkoppeling (>50%)
327,20170401,,,5.*.32,Geen remvloeistof in reservoir
411,20170401,,,5.*.46,Verstelinrichting zitplaats of rugleuning niet aanwezig
431,20170401,,,5.*.48,Opspatafscherming ontbreekt
477,20170401,,,5.*.55,Achterlicht  asymmetrische plaatsing  t.o.v. midden
762,20170401,,,1.15.Z,Aantal tankbanden niet juist
510,20170401,,,5.*.61,Dimlicht niet juist aangebracht
610,20170401,,,5.*.65,Voertuig voorzien van niet toegestane lichten
590,20170401,,,5.*.51,(Zij-)markeringslichten ontbreken
345,20170401,,,5.*.37,Automatische afsluiters ontbreken of werken niet goed
301,20170401,,,5.*.31,Remkrachtregelaar werkt niet goed
414,20170401,,,5.*.47,Gordel beschadigd
305,20170401,,,5.*.31,"Remleiding, dreigend gevaar voor defecten en breuken"
254,20170401,,,5.*.29,Wielen reageren niet goed op draaiing stuurwiel
609,20170401,,,5.*.64,Voertuig is voorzien van niet toegestane knipperende lichten
617,20170401,,,5.*.66,Koppelinrichting overmatig gesleten
100,20170401,,,5.*.10,LPG-onderdeel vertoont overmatige corrosie
880,20170401,,,TA.5A,Voertuig is beladen.
281,20170401,,,5.*.31,Onderdeel reminrichting niet juist bevestigd
039,20170401,,,5.*.3,Roestschade plaatdeel
244,20170401,,,5.*.29,Flexibele koppeling gescheurd / vulkanisatie los
036,20170401,,,5.*.3,Roestschade dragende delen en verankeringen
198,20170401,,,5.*.24,"Wiel of velg ernstig beschadigd, vervormd of gecorrodeerd"
230,20170401,,,5.*.28,Werking veersysteem ondeugdelijk
441,20170401,,,5.*.49,Stootbalk ontbreekt
177,20170401,,,5.*.16,Stofhoes aandrijfas ondeugdelijk bevestigd
350,20170401,,,5.*.37,Handafsluiter commando-/voorraadleiding niet toegestaan
033,20170401,,,5.*.3,"Roestschade, te veel dikteafname materiaal"
560,20170401,,,5.*.53,Remlicht kleur wijkt af of niet toegestaan
208,20170401,,,5.*.27,"Bandenspanning niet op juiste waarde (> 0,5 bar afwijking)"
331,20170401,,,5.*.35,Drukmeetpunt ontbreekt of defect
478,20170401,,,5.*.53,Achterlicht kleur wijkt af of niet toegestaan
419,20170401,,,5.*.47,Blokkering gordel werkt niet (goed)
371,20170401,,,5.*.39,Vastzetinrichting werkt niet goed
259,20170401,,,5.*.29,Stuurkogel of -koppeling te veel speling
706,20170401,,,5.1B.3,Afgedekt onderdeel niet beoordeeld 5.1b.3
442,20170401,,,5.*.50,Frontbeschermingsinrichting niet goedgekeurd
117,20170401,,,5.*.11,Uitlaatsysteem ondeugdelijk bevestigd
315,20170401,,,5.*.31,"Rem-, parkeerremkabel gebroken"
235,20170401,,,5.*.28,Onderdeel gasveersysteem ondeugdelijk (bevestigd)
895,20170401,,,TA.6B,Wegdraaital wijkt teveel af > 4 %.
659,20170401,,,5.*.69,Koppelingsplaat te veel gesleten
239,20170401,,,5.*.28,Schokdemper ondeugdelijk bevestigd
310,20170401,,,5.*.31,Remslang schuurt langs enig deel
900,20170401,,,TA.2E,Geen/onjuiste technische print aanwezig (digitaal).
592,20170401,,,5.*.59a,"Verlichting  glas gerepareerd, bewerkt of beschadigd"
053,20170401,,,5.*.4,Bovenbouw ondeugdelijk bevestigd
492,20170401,,,5.*.51,Achteruitrijlicht ontbreekt
034,20170401,,,5.*.3,Roestschade  > 50% dikteafname materiaal
246,20170401,,,5.*.29,Onderdeel stuurinrichting ernstig vervormd
290,20170401,,,5.*.31,"Schijf-, trommelrem loopt onvoldoende vrij"
579,20170401,,,5.*.51,Richtingaanwijzers ontbreken
657,20170401,,,5.*.69,Schotelkoppeling ondeugdelijk bevestigd
660,20170401,,,5.*.69,Koppelingsplaat beschadigd/vervormd
098,20170401,,,5.*.10,Leidingen geknikt of door corrosie aangetast
297,20170401,,,5.*.31,Remvloeistoflekkage reminrichting
901,20170401,,,TA.3H,Tweede snelheidssignaal niet ingesteld.
483,20170401,,,5.*.55,Achterruitrijlicht glas gerepareerd/bewerkt
199,20170401,,,5.*.25,Wielnaaf ondeugdelijk bevestigd
353,20170401,,,5.*.38,Remvertraging bedrijfsrem onvoldoende (< 90% >= 50% awet)
286,20170401,,,5.*.31,Bewegingsmogelijkheden parkeerrem beperkt
602,20170401,,,5.*.59a,Retroreflectie asymmetrisch t.o.v. het midden
357,20170401,,,5.*.39,Parkeerrem werkt niet op 2 wielen
654,20170401,,,5.*.69,Sluit-/borginrichting schotelkoppeling functioneert niet goe
270,20170401,,,5.*.30,Draaikrans ondeugdelijk bevestigd of geborgd
172,20170401,,,5.*.15,Installatieplaatje snelheidsbegrenzer niet volgens voorschri
885,20170401,20170402,,APK+F1,"Geen AC1: Band met een profieldiepte van 1,6 t/m 2,5 mm"
620,20170401,,,5.*.66,Achtertraverse niet deugdelijk bevestigd
522,20170401,,,5.*.56,Licht- donkerscheiding dimlicht onduidelijk
307,20170401,,,5.*.31,"Remslang beschadigd, wapeningsmateriaal zichtbaar"
392,20170401,,,5.*.43,Ruitensproeierinstallatie werkt niet
390,20170401,,,5.*.43,Ruitenwisserinstallatie ontbreekt
405,20170401,,,5.*.46,Roestschade bevestiging bestuurderszitplaats
432,20170401,,,5.*.48,Zijdelingse afscherming ontbreekt
430,20170401,,,5.*.48,Wielafscherming ontbreekt
593,20170401,,,5.*.59a,Verlichting is verblindend
630,20170401,,,5.*.67,Koppelingskogel te veel gesleten
258,20170401,,,5.*.29,Stuurbekrachtiger functioneert niet (goed)
147,20170401,,,5.*.12,Bedrading ondeugdelijk bevestigd
893,20170401,20170402,,APK+H,Afkeurpunt moet adviespunt zijn
623,20170401,,,5.*.66,Roestschade achtertraverse/profielen (>25%)
543,20170401,,,5.*.51,Kleur retroreflector wijkt af of niet toegestaan
051,20170401,,,5.*.3,Hoofdbalk gescheurd
572,20170401,,,5.*.55,Zijrichtingaanwijzer(s) werkt niet (goed)
356,20170401,,,5.*.39,Bedieningsorgaan parkeerrem niet vergrendelbaar
293,20170401,,,5.*.31,Drukregelaar treedt niet tijdig in werking
287,20170401,,,5.*.31,Draaipunt van bedrijfsrem of handrem zit te strak
225,20170401,,,5.*.28,"Veerschotel, -hand gescheurd"
862,20170401,,,TA.3L,Fabriek-/reparateursverzegeling tachograaf onjuist.
265,20170401,,,5.*.29,Hydraulisch besturingssysteem lekt
848,20170401,,,TA.2B,Installatieplaat voortijdig aangebracht.
271,20170401,,,5.*.30,Draaikransdelen ingesleten / te veel speling
888,20170401,20170402,,APK+F4,"Geen AC4: Stuur-/fuseekogel slijtage kleiner of gelijk 1,0mm"
283,20170401,,,5.*.31,Remonderdelen te veel gecorrodeerd
544,20170401,,,5.*.61,Retroreflector niet juist aangebracht
338,20170401,,,5.*.35,Afstelling remkrachtregelaar wijkt af
772,20170401,,,1.17.A,ECE-certificaat tank ontbreekt
433,20170401,,,5.*.48,Zijdelingse afscherming niet volgens voorschriften
473,20170401,,,5.*.55,Achterlicht ondeugdelijk bevestigd
115,20170401,,,5.*.11,Uitlaatsysteem niet gasdicht
375,20170401,,,5.*.41,Deur sluit niet goed
185,20170401,,,5.*.19,Fusee(kogel) ondeugdelijk bevestigd
236,20170401,,,5.*.28,Roestschade onderdeel gasveersysteem
711,20170401,,,1.8.B,Aanduiding tankinhoud ontbreekt / niet leesbaar
574,20170401,,,5.*.51,Richtingaanwijzers  aantal niet juist volgens voorschriften
434,20170401,,,5.*.48,Gevaar losraken deel aan buitenzijde
488,20170401,,,5.*.51,Achteruitrijlicht  aantal niet juist volgens voorschriften
363,20170401,,,5.*.38,Voertuig breekt uit door verschil in remwerking
573,20170401,,,5.*.55,Waarschuwingsknipperlichten werkt niet (goed)
385,20170401,,,5.*.42,Ruit beschadigd of verkleurd
386,20170401,,,5.*.42,Voorruit beschadigd in directe gezichtsveld
619,20170401,,,5.*.66,Koppelinrichting niet deugdelijk bevestigd
604,20170401,,,5.*.59a,Retroreflectie ondeugdelijk bevestigd
542,20170401,,,5.*.55,Retroreflector vertoont gebrek
570,20170401,,,5.*.55,Richtingaanwijzers schakelaar ondeugdelijk
877,20170401,,,TA.5E,Bandenmaat op de aangedreven as wijkt af.
091,20170401,,,5.*.10,LPG-tank in motorruimte
429,20170401,,,5.*.48,Wiel of band niet goed afgeschermd
266,20170401,,,5.*.29,Slang besturingssysteem beschadigd
204,20170401,,,5.*.27,Band ernstig beschadigd
600,20170401,,,5.*.61,Mistlicht voor niet juist aangebracht
702,20170401,,,-,Schokdemper aanwezig die lekkage vertoont
303,20170401,,,5.*.31,Remleiding ernstig beschadigd
013,20170401,,,nl10,Tellerstand wijkt >500 km af t.o.v. voertuig
174,20170401,,,5.*.15,Verzegeling snelheidsbegrenzer niet intact of ontbreekt
705,20170401,,,-,Mechanische delen van het remsysteem vertonen slijtage
101,20170401,,,5.*.10,Vulaansluiting niet voorzien van stofkap
568,20170401,,,5.*.55,"Richtingaanwijzers, lichtoppervlak >25% afgenomen"
800,20170401,,,1.24.I,Leiding/slang niet beschermd ter plaatse van bevestiging
336,20170401,,,5.*.34,Waarschuwingsinrichting veerrem werkt niet goed
402,20170401,,,5.*.45,Trottoirspiegel of steun niet juist gemonteerd
195,20170401,,,5.*.24,Wiel of velg ondeugdelijk bevestigd
607,20170401,,,5.*.57,Lijnmarkering niet volgens voorschriften
223,20170401,,,5.*.28,Veer gebroken/gescheurd/kans op vervolgschade of losraken
050,20170401,,,5.*.3,Dragende delen  bevestigingsmiddelen los
295,20170401,,,5.*.31,Luchtlekkage reminrichting
048,20170401,,,5.*.3,Dragende delen ondeugdelijk bevestigd
704,20170401,,,-,"Stuur- of fuseekogel met slijtage kleiner of gelijk 1,0 mm"
200,20170401,,,5.*.26,"Stabilisator ondeugdelijk bevestigd, gebroken of gescheurd"
391,20170401,,,5.*.43,Ruitenwisserinstallatie geeft onvoldoende zicht
408,20170401,,,5.*.46,Zitplaats of rugleuning ondeugdelijk bevestigd
614,20170401,,,5.*.66,Koppelinrichting gescheurd/gebroken/vervormd
205,20170401,,,5.*.27,Band onvoldoende profiel
028,20170401,,,5.*.1,Kentekenplaat niet aanwezig
528,20170401,,,5.*.55,Mistlicht glas gerepareerd/bewerkt
571,20170401,,,5.*.55,Richtingaanwijzers werkt niet (goed)
640,20170401,,,5.*.68,Sterkte of functioneren koppeling aangetast
525,20170401,,,5.*.55,Mistlicht afgeschermd
128,20170401,,,5.*.11,Lambdawaarde wijkt af
653,20170401,,,5.*.69,Koppelingsinrichting niet voorzien van borginrichting
302,20170401,,,5.*.31,Remkrachtregelaar werkt niet
179,20170401,,,5.*.18,As of wielgeleidingselement ondeugdelijk
144,20170401,,,5.*.11,Voorgeschreven toerental niet in te stellen of wijkt af
079,20170401,,,5.*.9,Brandstofsysteem onveilig
438,20170401,,,5.*.49,Functieverlies van stootbalk/ -bevestiging
585,20170401,,,5.*.51,Stadslicht ontbreekt
718,20170401,,,1.6.B,LPG-installatie vertoont geringe lekkage
015,20170401,,,nl12,"Tellerstand wijkt >500 km, gewijzigd voor aankomst"
329,20170401,,,5.*.31,Remvloeistofreservoir zit los of onjuist gemonteerd
516,20170401,,,5.*.56,Dimlicht onjuist afgesteld
158,20170401,,,5.*.13,Motorsteunrubber doorgescheurd /vulkanisatie geheel los
347,20170401,,,5.*.37,"Druk in voorraad-/commandoleiding wijkt af (>0,5 bar)"
187,20170401,,,5.*.19,Fuseekogel of fuseekogelhuis vertoont corrosie
802,20170401,,,1.24.K,Gasleiding/gasslang niet vrij van kriksteun
210,20170401,,,5.*.27,Bandenspanning niet op juiste waarde
472,20170401,,,5.*.55,Achterlicht lichtoppervlak  > 25% afgenomen
518,20170401,,,5.*.56,"Dimlicht verblindend, boven de nullijn"
428,20170401,,,5.*.48,Wiel of band loopt aan
538,20170401,,,5.*.55,Retroreflectoren asymmetrische plaatsing t.o.v. midden
499,20170401,,,5.*.55,"Dim-, grootlicht  glas lichtarmatuur ernstig beschadigd"
370,20170401,,,5.*.39,Vastzetinrichting ontbreekt op een niet hefbare as
558,20170401,,,5.*.51,Remlichten  aantal niet juist volgens voorschriften
096,20170401,,,5.*.10,Gasdichte kast ontbreekt of ondeugdelijk
031,20170401,,,5.*.1,Voertuig niet voorzien van juiste kentekenplaten
316,20170401,,,5.*.31,Remcilinder defect/ondeugdelijk/kans op scheuren
519,20170401,,,5.*.56,Dimlicht verblindend (boven nullijn)
226,20170401,,,5.*.28,Onderdeel veersysteem ondeugdelijk (bevestigd)
589,20170401,,,5.*.55,(Zij-)markeringslicht werkt niet (goed)
189,20170401,,,5.*.19,Stofhoes fuseekogel ondeugdelijk bevestigd
173,20170401,,,5.*.15,Snelheidsbegrenzer niet aanwezig
875,20170401,,,TA.5C,"Band(en)profiel juist beneden minimumeis (>=1,4mm)."
851,20170401,,,TA.2F,Gegevens onjuist geprogrammeerd in tachograaf.
561,20170401,,,5.*.51,Derde remlicht niet juist aangebracht
388,20170401,,,5.*.43,Ruitenwisserinstallatie werkt niet
250,20170401,,,5.*.29,"Stofhoes stuurinrichting beschadigd, dicht niet af"
688,20170401,,,5.*.78,Bevestigingsmiddelen en gordels beschadigd
403,20170401,,,5.*.46,Zitplaats of rugleuning ondeugdelijk bevestigd
321,20170401,,,5.*.31,ABS waarschuwingsinrichting werkt niet/lampje gaat niet uit
365,20170401,,,5.*.40,Losbreekreminrichting aanhangwagen werkt niet goed
253,20170401,,,5.*.29,Weerstand bij draaiing stuurwiel voelbaar
234,20170401,,,5.*.28,Koordlagen van luchtveerbalg beschadigd
540,20170401,,,5.*.51,Retroreflector ontbreekt
527,20170401,,,5.*.55,Mistlicht glas lichtarmatuur ernstig beschadigd
514,20170401,,,5.*.55,"Dim-, grootlicht niet van gelijke grootte/sterkte/kleur"
052,20170401,,,5.*.3,Hulpbalk gescheurd
176,20170401,,,5.*.16,Bevestiging aandrijving ondeugdelijk
628,20170401,,,5.*.66,Trekdriehoek ondeugdelijk bevestigd/overmatige speling
181,20170401,,,5.*.18,Doorgeroest wielgeleidingselement gerepareerd
274,20170401,,,5.*.30,Roestschade > 50 % van ondersteuningsprofiel draaikrans
650,20170401,,,5.*.68,Trekoog gescheurd/vervormd
332,20170401,,,5.*.35,Meerkringsbeveiligingsventiel werkt niet goed
308,20170401,,,5.*.31,"Remslang ernstig beschadigd, wapeningsmateriaal beschadigd"
708,20170401,,,-,Airbag- en/of gordelspansysteem functioneert niet goed
563,20170401,,,5.*.51,Remlichten ontbreken
672,20170401,,,5.*.71,Geluidssignaalinrichting niet volgens voorschriften
524,20170401,,,5.*.56,Lichtbeeld dimlicht onjuist
055,20170401,,,5.*.4,Ondersteuning laadvloer/laadruimte ondeugdelijk
890,20170401,20170402,,APK+I,Een vergeten reparatieadviespunt
273,20170401,,,5.*.30,Roestschade ondersteuningsprofielen draaikrans
040,20170401,,,5.*.3,"Roestschade frame, voor- of achtervork"
282,20170401,,,5.*.31,Onderdeel reminrichting ondeugdelijk bevestigd
184,20170401,,,5.*.19,Draaipunt onafhankelijke wielophanging te veel speling
214,20170401,,,5.*.27,Band is onterecht nageprofileerd
578,20170401,,,5.*.55,Richtingaanwijzers niet van gelijke grootte/sterkte/kleur
368,20170401,,,5.*.40,Reminrichting komt niet automatisch in bedrijfstoestand
418,20170401,,,5.*.47,Gordel ondeugdelijk bevestigd
871,20170401,,,TA.4K,Signaallampjes/-functies tachograaf defect.
337,20170401,,,5.*.35,Afstelplaat remkrachtregelaar onleesbaar/ontbreekt
156,20170401,,,5.*.13,"Motorsteunbout, -moer ondeugdelijk bevestigd"
439,20170401,,,5.*.49,Stootbalk naar achteren omgebogen
615,20170401,,,5.*.66,Achtertraverse gescheurd/gebroken/vervormd
494,20170401,,,5.*.55,Kentekenplaatverlichting ondeugdelijk (bevestigd)
837,20170401,,,TA.1A,Merk tachograaf wijkt af ten opzichte van de melding.
242,20170401,,,5.*.29,Onderdeel stuurinrichting ondeugdelijk bevestigd
415,20170401,,,5.*.47,Gordel ernstig beschadigd
588,20170401,,,5.*.51,(Zij-)markeringslicht niet volgens voorschriften
167,20170401,,,5.*.15,Snelheidsmeter ontbreekt
216,20170401,,,5.*.27,Loadindex band kleiner dan maximum aslast
366,20170401,,,5.*.40,Losknop werkt niet goed
092,20170401,,,5.*.10,LPG-tank niet permanent aangebracht
840,20170401,,,TA.3C,Onjuist type tachograaf gemonteerd.
393,20170401,,,5.*.43,Ruitensproeierinstallatie werkt niet goed
046,20170401,,,5.*.3,Dragende delen misvormd of gescheurd
892,20170401,20170402,,APK+G4,Adviespunt moet afkeurpunt zijn met gradatie 4
058,20170401,,,5.*.5,Accu aanhangwagen ondeugdelijk bevestigd
364,20170401,,,5.*.39,Parkeerrem ontbreekt op een niet hefbare as
470,20170401,,,5.*.55,Achterlicht glas lichtarmatuur ernstig beschadigd
122,20170401,,,5.*.11,CO meer dan wettelijk toegestaan
197,20170401,,,5.*.24,Wiel of velg ondeugdelijk
500,20170401,,,5.*.55,"Dim-, grootlicht  glas gerepareerd of bewerkt"
541,20170401,,,5.*.55,Retroreflector ondeugdelijk bevestigd
575,20170401,,,5.*.55,Richtingaanwijzers asymmetrische plaatsing t.o.v. midden
341,20170401,,,5.*.35,Remkrachtregelaar werkt niet
360,20170401,,,5.*.38,Een wiel van bestuurbare as remt niet
358,20170401,,,5.*.38,Bedrijfsrem werkt niet op alle wielen
035,20170401,,,5.*.3,Roestschade dorpel
601,20170401,,,5.*.59a,Mistlicht werkt niet
551,20170401,,,5.*.55,"Remlicht glas gerepareerd, bewerkt"
354,20170401,,,5.*.38,Remvertraging bedrijfsrem slecht (< 50% awet)
474,20170401,,,5.*.55,Achterlicht schakelaar ondeugdelijk
582,20170401,,,5.*.55,Stadslicht ondeugdelijk bevestigd
683,20170401,,,5.*.76,Nooduitgang in het dak niet te openen (van binnen/van buiten
436,20170401,,,5.*.49,Afmeting of plaats stootbalk onjuist
498,20170401,,,5.*.55,"Dim-, grootlicht afgeschermd"
257,20170401,,,5.*.29,Slang stuurbekrachtiger raakt bewegend deel
251,20170401,,,5.*.29,Stofhoes stuurinrichting ondeugdelijk bevestigd
476,20170401,,,5.*.51,Achterlicht  aantal niet juist volgens voorschriften
749,20170401,,,1.15.P,Geautoriseerde berekening tankbevestiging ontbreekt
322,20170401,,,5.*.31,Onderdeel van ABS beschadigd/gescheurd/gebroken
435,20170401,,,5.*.48,Scherpe delen aan buitenzijde
876,20170401,,,TA.5D,Band(en)profiel onvoldoende (< 1.4mm).
319,20170401,,,5.*.31,Stofhoezen remcilinders niet aanwezig
493,20170401,,,5.*.53,Kentekenplaatverlichting kleur wijkt af/niet toegestaan
320,20170401,,,5.*.31,Stofhoezen remcilinders ernstig beschadigd
093,20170401,,,5.*.10,LPG-tank vertoont overmatige corrosie
180,20170401,,,5.*.18,As of wielgeleidingselement ondeugdelijk bevestigd
111,20170401,,,5.*.10a,Overmatige corrosie/ernstige beschadigingen CNG-onderdelen
401,20170401,,,5.*.45,Spiegelglas beschadigd of verweerd
155,20170401,,,5.*.13,Motorsteunen ondeugdelijk bevestigd
886,20170401,20170402,,APK+F2,Geen AC2: Schokdemper aanwezig die lekkage vertoont
709,20170401,,,-,Overmatige olielekkage
097,20170401,,,5.*.10,Gasvoerende slangen zichtbaar beschadigd
047,20170401,,,5.*.3,"Dragende delen ernstig misvormd, gescheurd, gebroken"
556,20170401,,,5.*.55,Remlicht werkt niet (goed)
037,20170401,,,5.*.3,Roestschade hoofdbalk
552,20170401,,,5.*.55,Remlicht lichtoppervlak >25% afgenomen
469,20170401,,,5.*.55,Achterlicht afgeschermd
277,20170401,,,5.*.31,Borging remonderdelen ontbreekt
349,20170401,,,5.*.37,Extra rembediening voor rem aanhangwagen niet toegestaan
853,20170401,,,TA.4A,Manipulatie tachograaf aangetroffen.
367,20170401,,,5.*.40,Losknop werkt niet of blijft in stand lossen staan
503,20170401,,,5.*.55,"Dim-, grootlicht  schakelaar ondeugdelijk"
878,20170401,,,TA.6G,"Effectieve bandomtrek wijkt af  > 2,5 % - <=5%."
475,20170401,,,5.*.55,Achterlicht werkt niet (goed)
605,20170401,,,5.*.59a,Retroreflectie niet volgens voorschriften
042,20170401,,,5.*.3,Roestschade subframe bevestigingspunt
209,20170401,,,5.*.27,"Bandenspanning op 1 as niet gelijk (> 0,5 bar verschil)"
594,20170401,,,5.*.59,Verlichting  kleur niet volgens voorschriften
109,20170401,,,5.*.10a,Leidingen of gasvoerende slangen geknikt
077,20170401,,,5.*.9,Brandstoflekkage
012,20170401,,,nl09,Tellerstand niet vermeld of GT op APK-rapport
309,20170401,,,5.*.31,Remslang ernstig misvormd
247,20170401,,,5.*.29,Onderdeel stuurinrichting gebroken of gescheurd
587,20170401,,,5.*.55,(Zij-)markeringslicht ondeugdelijk bevestigd
299,20170401,,,5.*.31,Rembekrachtiger werkt niet goed
328,20170401,,,5.*.32,Onvoldoende remvloeistof in reservoir
546,20170401,,,5.*.51,Retroreflector (zijkant) aantal niet volgens voorschriften
284,20170401,,,5.*.31,Rempedaal niet stroef
298,20170401,,,5.*.31,Luchtlekkage  systeemfunctionaliteit aangetast
511,20170401,,,5.*.51,"Dim-, grootlicht  aantal niet juist volgens voorschriften"
211,20170401,,,5.*.27,Bandenspanning op 1 as niet gelijk
342,20170401,,,5.*.35,"Remkrachtregelaar werkt niet goed, volgens afstelplaat afges"
508,20170401,,,5.*.51,Gasontladingsdimlichten gaan uit bij inschakelen groot licht
374,20170401,,,5.*.41,Deur of  laadbakklep van laadruimte sluit niet goed
027,20170402,,,5.*.1,Kentekenplaat afgeschermd
883,20170401,20170402,,APK+E,Een onterecht adviespunt
547,20170401,,,5.*.51,Lijnmarkering niet volgens voorschriften
207,20170401,,,5.*.27,Band vertoont uitstulping(en)
440,20170401,,,5.*.49,Stootbalk ondeugdelijk
288,20170401,,,5.*.31,Rempedaalslag beperkt
531,20170401,,,5.*.55,Mistlichten schakelaar ondeugdelijk
224,20170401,,,5.*.28,Veer gebroken of gescheurd
529,20170401,,,5.*.55,Mistlicht lichtoppervlak >25% afgenomen
421,20170401,,,5.*.47,Oprolmechanisme gordel werkt niet
635,20170401,,,5.*.68,Koppelingspen te veel gesleten
410,20170401,,,5.*.46,Roestschade bevestiging zitplaats
318,20170401,,,5.*.31,Remcilinder zit los of is niet goed gemonteerd
539,20170401,,,5.*.55,Retroreflector(en) afgeschermd
647,20170401,,,5.*.67,Sluit- en borginrichting werkt niet goed
485,20170401,,,5.*.55,Achteruitrijlichten ondeugdelijk bevestigd
553,20170401,,,5.*.55,Remlicht ondeugdelijk bevestigd
649,20170401,,,5.*.68,Ingelast trekoogbus
681,20170401,,,5.*.76,Noodhamertje niet aanwezig
237,20170401,,,5.*.28,"Veerschotel, -hand gasveersysteem gescheurd"
482,20170401,,,5.*.55,Achteruitrijlicht afgeschermd
108,20170401,,,5.*.10a,Gasvoerende slangen zichtbaar beschadigd
603,20170401,,,5.*.59,Retroreflectie kleur niet volgens voorschriften
534,20170401,,,5.*.55,Mistlicht asymmetrische plaatsing t.o.v. midden
676,20170401,,,5.*.75,Aantal stoelen/banken is groter dan op het document
334,20170401,,,5.*.31,Voertuig niet voorzien van automatische remstellers
512,20170401,,,5.*.55,"Dim-, grootlicht  asymmetrische plaatsing t.o.v. midden"
597,20170401,,,5.*.56,Mistlicht afgeschermd
559,20170401,,,5.*.55,Remlichten asymmetrische plaatsing t.o.v. midden
689,20170401,,,5.*.78,Bevestigingssysteem/gordels rolstoel niet aanwezig
232,20170401,,,5.*.28,Gasveerbevestiging ondeugdelijk
691,20170401,,,5.*.78,Rails/vastzetsysteem voor bevestiging rolstoel ondeugdelijk
343,20170401,,,5.*.36,Slag remcilinder is beperkt door enig deel
238,20170401,,,5.*.28,Werking gasveersysteem ondeugdelijk
641,20170401,,,5.*.67,Axiale speling trekstang lagering in achterbalk
690,20170401,,,5.*.78,Geen goedwerkende sluiting bevestigingsmiddel en gordel
666,20170401,,,5.*.70,Achtertraverse gescheurd/gebroken/ vervormd
622,20170401,,,5.*.66,Roestschade achtertraverse/profielen
678,20170401,,,5.*.75,Doorgang naar uitgang wordt belemmerd
646,20170401,,,5.*.67,Radiale speling in onderste bus te groot
484,20170401,,,5.*.55,Achterruitrijlicht lichtoppervlak >25% afgenomen
693,20170401,,,5.*.78,Vergrendelinrichting niet met hand te bedienen/functioneert
377,20170401,,,5.*.41,"Roestschade scharnierbevestiging motorkap, kofferdeksel"
634,20170401,,,5.*.68,Bevestiging en borging trekstang ondeugdelijk/ontbreekt
644,20170401,,,5.*.67,Onderste lagerbus zit los/bevestiging is uitgeslagen
194,20170401,,,5.*.22,Verschil recht of kruislings te groot
268,20170401,,,5.*.30,Balhoofdlagering zichtbare speling
489,20170401,,,5.*.55,Achteruitrijlichten asymmetrische plaatsing t.o.v. het midde
707,20170401,,,5.*.9,Controle alle brandstoffen niet mogelijk 5.*.9
RA2,20120401,,,RA2,Overmatige olielekkage
AC4,,,,AC4,"Stuur- of fuseekogel met slijtage kleiner of gelijk 1,0 mm"
668,20170401,,,5.*.70,Roestschade achtertraverse/profielen
AC3,,,,AC3,"Roestschade van 1,5 t/m 2,0E of meer dan 15% dikteafname"
RA1,20100227,,,RA1,Airbag- en/of gordelspansysteem functioneert niet goed
OP2,20100227,,,OP2,Controle alle brandstoffen niet mogelijk 5.*.9
AC5,,,,AC5,Mechanische delen van het remsysteem vertonen slijtage
642,20170401,,,5.*.67,Radiale speling trekstang lagering in achterbalk
AC2,,,,AC2,Schokdemper aanwezig die lekkage vertoont
694,20170401,,,5.*.79,Ligplaats niet voorzien van vastzetinrichting t.b.v. draagba
OP1,20100227,,,0P1,Afgedekt onderdeel niet beoordeeld 5.1b.3
AC1,20120509,,,AC1,"Band(en) aanwezig met een profieldiepte van 1,6 t/m 2,5 mm"
665,20170401,,,5.*.70,Extra koppeling aanhangwagen niet volgens voorschriften
633,20170401,,,5.*.68,Radiale speling trekstang lagering in achterbalk
153,20170401,,,5.*.12a,Onderdeel elektrische aandrijflijn ondeugdelijk bevestigd
279,20170401,,,5.*.31,Hoofdcilinder zit los
196,20170401,,,5.*.24,Een wielbout/-moer ondeugdelijk (bevestigd)
679,20170401,,,5.*.74,Inrichting taxi of OV auto komt niet overeen met het documen
105,20170401,,,5.*.10a,CNG-tank niet permanent aangebracht
348,20170401,,,5.*.37,Eenleidingremsysteem niet toegestaan
682,20170401,,,5.*.76,Nooduitgang in dak niet aanwezig
677,20170401,,,5.*.75,Doorgang naar deur onvoldoende
152,20170401,,,5.*.12a,Onderdeel elektrische aandrijflijn ondeugdelijk
667,20170401,,,5.*.70,Achtertraverse niet deugdelijk bevestigd
267,20170401,,,5.*.29,Slang besturingssysteem raakt bewegend deel
752,20170401,,,1.15.S,Een onderlegring/plaat niet aanwezig
243,20170401,,,5.*.29,Een van meerdere bevestigingsbouten/-moeren stuurinrichting
409,20170401,,,5.*.46,Een van meerdere bevestigingsmiddelen van zitplaats los
381,20170401,,,5.*.41,Een van meerdere bevestigingsmiddelen zit los/ontbreekt
404,20170401,,,5.*.46,Een van meerdere bevestigingsmiddelen van bestuurderszitplaa
272,20170401,,,5.*.30,Een draaikransbout los
291,20170401,,,5.*.31,Compressor niet goed bevestigd
132,20170401,,,5.*.11,CO% bij verhoogd toerental te hoog  (<=2x toegestane waarde)
692,20170401,,,5.*.78,Vastzetsysteem niet te bevestigen op bevestigingspunt
632,20170401,,,5.*.68,Axiale speling trekstang lagering in achterbalk
148,20170401,,,5.*.12a,Elektrische aandrijflijn niet goed afgeschermd
154,20170401,,,5.*.12a,Onderdeel elektrische aandrijflijn vertoont lekkage
861,20170401,,,TA.3K,Fabrieksverzegeling digitale tachograaf onjuist.
865,20170401,,,TA.3N,Geen testrit uitgevoerd.
728,20170401,,,1.7.A,Onderdeel LPG-installatie niet beschermd tegen beschadiging
863,20170401,,,TA.4D,Verplicht omhulsel geverkabel niet aanwezig.
151,20170401,,,5.*.12a,Onderdeel elektrische aandrijflijn niet goed geisoleerd
849,20170401,,,TA.2D,K-factorsticker niet vermeld of aangebracht(analoog).
791,20170401,,,1.23.J,Bevestiging verbindingsslang niet gasdicht aangesloten
011,20170401,,,nl08,Beoordelen afgedekt onderdeel niet mogelijk  niet gemeld
150,20170401,,,5.*.12a,Onderdeel elektrische aandrijflijn beschadigd
645,20170401,,,5.*.67,Opwaartse speling pen te groot
078,20170401,,,5.*.9,Brandstoflekkage  ernstig
054,20170401,,,5.*.4,"Bovenbouw ondeugdelijk bevestigd, sterkte  >50 % afgenomen"
049,20170401,,,5.*.3,Dragende delen 1 van meerdere bevestigingsmiddelen  los
742,20170401,,,1.15.J,Tank niet permanent aan voertuig bevestigd
080,20170401,,,5.*.9,Brandstofsysteem in ernstige mate onveilig
005,20170401,,,nl02,Goedkeuringsdocument ontbreekt bij taxi of OV-voertuig
260,20170401,,,5.*.29,"Stuurkogel te veel speling, kans op losraken"
662,20170401,,,5.*.69,1 van meerdere bevestigingsbouten/moeren zitten los
10A,20170401,20170402,,5.*.55,Lichtoppervlak >25% afgenomen (bij meerdere lichtbronnen)
03A,20170401,20170402,,5.*.51,Voorgeschreven licht(en) ontbreekt (ontbreken)
01A,20170401,20170402,,5.*.51,Aantal lichten niet juist volgens voorschrift
05A,20170401,20170402,,5.*.55,Verpl. licht werkt niet (goed) (geen richtingaanw./remlicht)
16A,20170401,20170402,,GR2,Afkeurpunt met gradatie 2
17A,20170401,20170402,,GR3,Afkeurpunt met gradatie 3
14A,20170401,20170402,,5.*.61,Lichten/lichtsignalen/retroreflectie niet juist aangebracht
07A,20170401,20170402,,5.*.55,Glas van lichtarmatuur ernstig beschadigd
08A,20170401,20170402,,5.*.55,Lichten en/of retroreflectie ondeugdelijk bevestigd
18A,20170401,20170402,,GR4,Afkeurpunt met gradatie 4
02A,20170401,20170402,,5.*.51,Plaats licht(en) wijkt (wijken) af
11A,20170401,20170402,,5.*.55,Asymmetrische plaatsing lichten/retroreflectie t.o.v. midden
04A,20170401,20170402,,5.*.53,Kleur lichten wijkt af/niet toegestaan
09A,20170401,20170402,,5.*.55,Glas gerepareerd/bewerkt
12A,20170401,20170402,,5.*.55,Schakelaar ondeugdelijk
669,20170401,,,5.*.70,Roestschade achtertraverse/profielen (>25%)
15A,20170401,20170402,,GR1,Afkeurpunt met gradatie 1
13A,20170401,20170402,,5.*.55,Licht -/retroreflector afgeschermd
06A,20170401,20170402,,5.*.55,Lichten niet van gelijke grootte/sterkte/kleur
278,20170401,,,5.*.31,"Hoofdcilinder werkt niet juist/zit los, rem werkt nog"
789,20170401,,,1.23.H,Gasdichte kast is niet gasdicht
745,20170401,,,1.15.M,Tank niet vrij van metalen delen
680,20170401,,,5.*.76,Kabel noodhamertje niet lang genoeg
142,20170401,20180520,,5.*.11,EOBD-waarschuwingsinrichting functioneert niet/niet aanwezig
687,20170401,20180520,,5.*.77,Lift functioneert niet
141,20170401,20180520,,5.*.11,EOBD-systeem bevat emissiegerelateerde fouten
143,20170401,20180520,,5.*.11,"EOBD-waarschuwingsinrichting, status niet overeenkomstig uit"
126,20170401,20180520,,5.*.11,EOBD-waarschuwingsinrichting functioneert niet/niet aanwezig
686,20170401,20180520,,5.*.77,Hulpmiddel voor een rolstoel ondeugdelijk bevestigd
125,20170401,20180520,,5.*.11,EOBD-systeem bevat emissiegerelateerde fouten
127,20170401,20180520,,5.*.11,"EOBD-waarschuwingsinrichting, status niet overeenkomstig uit"
685,20170401,20180520,,5.*.77,Hulpmiddel voor een rolstoel ontbreekt
612,20170401,20180520,,5.*.57,Verlichte transparant(en) niet afzonderlijk geschakeld
613,20170401,20180520,,5.*.57,Verlichte transparant(en) voldoet niet aan maximale afmeting
107,20170401,20180520,,5.*.10a,Automatische tankafsluiter werkt niet (goed)
081,20170401,20180520,,5.*.9,Controle alle brandstoffen niet mogelijk  niet gemeld
193,20170401,20180520,,5.*.21,Verschil wielbasis tussen links-rechts meer dan 3cm
110,20170401,20180520,,5.*.10a,Niet voorzien van automatische tankafsluiter
106,20170401,,,5.*.10a,Andere verbruikers op CNG-installatie aangesloten
881,20170401,,,TA.5F,Instelling testapparatuur onjuist.
873,20170401,,,TA.4M,Werking tachograaf niet juist.
795,20170401,,,1.24.D,Fabricage datum flexibele slang ouder dan 2 jaar
714,20170401,,,1.8.A,Identificatie LPG-onderdeel niet leesbaar / controleerbaar
857,20170401,,,TA.3F,Tachograaf bevat foutcode(s) t.a.v. van de chauffeur.
874,20170401,,,TA.5B,Bandenspanning niet juist.
867,20170401,,,TA.4G,Leesbaarheid/bereikbaarheid tachograaf onvoldoende.
872,20170401,,,TA.4L,Werking signaalfuncties niet juist.
852,20170401,,,TA.2C,Installatieplaat niet juist ingevuld/voldoet niet.
